<?xml version="1.0" encoding="UTF-8"?>
<!DOCTYPE suite SYSTEM "http://testng.org/testng-1.0.dtd">
<suite name="Suite">
<parameter name="browser" value="ch"/> <!-- value=ch for Chrome and value="ff" for Firefox -->
  <test thread-count="5" name="Test">
    <classes>
    
       <!-- Sample Scripts-->
      <!--
      <class name="suite.TC_01_LoginScript"/>
      <class name="suite.TC_02_AddToCartScript"/> 
      <class name="suite.TC_03_RemoveProductFromYourCartPageScript"/>
      -->
      
                <!-- Login Page -->
       <!--
         <class name="suite.AS_01_TestForLoginPageLogo"/>
         <class name="suite.AS_02_TestForEmptyUsernameErrorMessage"/>
         <class name="suite.AS_04_TestForEmptyPasswordError"/>
         <class name="suite.AS_06_TestLoggedinSuccessfullyForValidCredentials"/>
         <class name="suite.AS_07_VeryErrorMessageForInvalidCredentials"/>
      -->
      
           <!-- Product Page -->
       <!--
       <class name="suite.AS_08_TestforMenuButtonOnProductPage"/>
       <class name="suite.AS_09_VeryfyMenuOptionDisplay"/>
       <class name="suite.AS_10_VerifyLandOnProductPageWhenClickedOnAllItemMenuOption"/>
       <class name="suite.AS_11_VerifyUserLogoutWhwnClickedonLogoutOption"/>
       <class name="suite.AS_12_VerifyAboutOpionNavigateOnAboutPage"/>
       <class name="suite.AS_13_VerifyResetAppStateOption"/>
       <class name="suite.AS_14_VerifyCloseButtonClosesMenuOptions"/>
       <class name="suite.AS_15_VerifyLogoOnProductsPage"/>
       <class name="suite.AS_16_VerifyWhenClickonCartIconUserLandOnYourCartpage"/>
       <class name="suite.AS_17_verifyProductCoutonCartIcon"/>
       <class name="suite.AS_19_verifyProducsTitleOnProductsPage"/>
       <class name="suite.AS_20_verifyFilterPresentOnproductPage"/>
       <class name="suite.AS_21_verifyFilterZtoA"/>
       <class name="suite.AS_22_verifyFilterLowToHigh"/>
       <class name="suite.AS_23_verifyFilterHighToLow"/>
       <class name="suite.AS_24_verifyProductImages"/> 
      <class name="suite.AS_25_verifyProductNames"/>
      <class name="suite.AS_26_verifyProductPrices"/>
      <class name="suite.AS_27_verifyProductDescriptions"/>
      <class name="suite.AS_28_VerifyAddProductsInTheCartScripts"/>
      <class name="suite.AS_29_VerifyRemoveProductFromTheCartScript"/>
      -->
      
          <!-- Your Cart Page -->
       <!--
       <class name="suite.AS_30_VerifyMenuButtonOnYourCartPage"/>
       
       <class name="suite.AS_43_VerifyLinkedInLinkOnYourCartPage"/>
      -->
      
    <class name="suite.AS_43_VerifyLinkedInLinkOnYourCartPage"/>
      
    
    
    </classes>
  </test> <!-- Test -->
</suite> <!-- Suite -->
